firstName,lastName,username,email,groupName,groupCategory,filter
Leaàáâãäå,Everit,leverit0,leverit0@liteengineering.nl,project-7804,Provincie Drenthe,Netherlands
NoÀÁÂÃÄÅ,Covert,ncovert1,ncovert1@liteengineering.nl,project-8914,Provincie Friesland,Netherlands
Reæçèéêëì,Blezard,rblezard2,rblezard2@liteengineering.nl,project-7814,Provincie Drenthe,Netherlands
AnÆÇÈÉÊËÌ,Halwill,ahalwill3,ahalwill3@liteengineering.nl,project-9674,Provincie Groningen,Netherlands
CÍÎÏÑÒÓÔÕÖ,Betonia,cbetonia4,cbetonia4@liteengineering.nl,project-7814,Provincie Drenthe,Netherlands
Eíîïñòóôõö,Gerleit,egerleit5,egerleit5@liteengineering.nl,project-7909,Provincie Drenthe,Netherlands
Yaøùúûüýÿ,Fewkes,yfewkes6,yfewkes6@liteengineering.nl,project-9674,Provincie Groningen,Netherlands
HaØÙÚÛÜÝŸ,Gladman,hgladman7,hgladman7@liteengineering.nl,project-9204,Provincie Friesland,Netherlands
Bπρστυφχψω,Linnane,blinnane8,blinnane8@liteengineering.nl,project-9730,Provincie Groningen,Netherlands
FΠΡΣΤΥΦΧΨΩ,Gilfillan,fgilfillan9,fgilfillan9@liteengineering.nl,project-9730,Provincie Groningen,Netherlands
KΗΘΙΚΛΜΝΞΟ,Flannigan,kflannigana,kflannigana@liteengineering.nl,project-7804,Provincie Drenthe,Netherlands
Dθικλμνξο,Webber,dwebberb,dwebberb@liteengineering.nl,project-8934,Provincie Friesland,Netherlands
Aαβγδεζη,Deppe,adeppec,adeppec@liteengineering.nl,project-9204,Provincie Friesland,Netherlands
ΑΒΓΔΕΖΗ,Kondratowicz,lkondratowiczd,lkondratowiczd@liteengineering.nl,project-9674,Provincie Groningen,Netherlands
Chrissie,Burhill,cburhille,cburhille@liteengineering.nl,project-8904,Provincie Friesland,Netherlands